gwb_code_10;gwb_code_8;regio;gm_naam;recs;gwb_code;ind_wbi;a_inw;a_man;a_vrouw;a_00_14;a_15_24;a_25_44;a_45_64;a_65_oo;a_ongeh;a_gehuwd;a_gesch;a_verwed;a_w_all;a_nw_all;a_marok;a_antaru;a_suri;a_tur;a_ov_nw;a_geb;p_geb;a_ste;p_ste;a_hh;a_1p_hh;a_hh_z_k;a_hh_m_k;g_hhgro;bev_dich;a_woning;g_woz;p_1gezw;p_mgezw;p_bewndw;p_leegsw;p_koopw;p_huurw;p_wcorpw;p_ov_hw;p_e_o_w;p_bjj2k;p_bjo2k;g_ele;g_ele_ap;g_ele_tw;g_ele_hw;g_ele_2w;g_ele_vw;g_ele_hu;g_ele_ko;g_gas;g_gas_ap;g_gas_tw;g_gas_hw;g_gas_2w;g_gas_vw;g_gas_hu;g_gas_ko;p_stadsv;a_inkont;g_ink_po;g_ink_pi;p_ink_li;p_ink_hi;p_n_act;p_hh_li;p_hh_hi;p_hh_lkk;p_hh_osm;a_soz_wb;a_soz_ao;a_soz_ww;a_soz_ow;g_wodief;g_vernoo;g_gewsek;a_bedv;a_bed_a;a_bed_bf;a_bed_gi;a_bed_hj;a_bed_kl;a_bed_mn;a_bed_ru;a_pau;a_bst_b;a_bst_nb;g_pau_hh;g_pau_km;a_m2w;g_afs_hp;g_afs_gs;g_afs_kv;g_afs_sc;g_3km_sc;a_opp_ha;a_lan_ha;a_wat_ha;pst_mvp;pst_dekp;ste_mvs;ste_oad
GM0599;0599;Rotterdam;Rotterdam;Gemeente;GM0599;.;638712;314766;323946;103422;85677;194084;158382;97147;361032;188075;62397;27208;80742;244109;44164;24693;52620;47712;74920;.;.;.;.;321691;154323;72243;95125;2,0;2936;311336;.;25;75;.;.;.;.;.;.;.;88;12;.;.;.;.;.;.;.;.;.;.;.;.;.;.;.;.;.;.;.;.;.;.;.;.;.;.;.;.;.;.;.;.;.;.;.;.;.;.;.;.;.;.;221880;184740;37140;0,7;1020;12500;.;.;.;.;.;32416;21757;10659;.;.;1;3941
WK059901;059901;Rotterdam Centrum;Rotterdam;Wijk;WK059901;1;34685;17965;16720;3240;5720;14365;7040;4330;23490;7340;2990;875;6225;13010;2105;1210;2585;1650;5460;.;.;.;.;20860;12710;5000;3160;1,6;8392;19011;.;1;99;.;.;.;.;.;.;.;83;17;.;.;.;.;.;.;.;.;.;.;.;.;.;.;.;.;.;.;.;.;.;.;.;.;.;.;.;.;.;.;.;.;.;.;.;.;.;.;.;.;.;.;13075;9970;3105;0,6;3163;650;.;.;.;.;.;488;413;75;.;.;1;6127
BU05990110;05990110;Stadsdriehoek;Rotterdam;Buurt;BU05990110;1;16045;8415;7625;1315;2440;7400;3070;1820;11140;3330;1225;355;3185;4610;455;555;910;435;2255;.;.;.;.;9845;6065;2625;1160;1,5;11811;9166;.;0;100;.;.;.;.;.;.;.;74;26;.;.;.;.;.;.;.;.;.;.;.;.;.;.;.;.;.;.;.;.;.;.;.;.;.;.;.;.;.;.;.;.;.;.;.;.;.;.;.;.;.;.;5840;4115;1725;0,6;4299;380;.;.;.;.;.;173;136;37;3011;1;1;6314
BU05990111;05990111;Oude Westen;Rotterdam;Buurt;BU05990111;1;9380;4730;4650;1260;1435;2975;2330;1385;5865;2160;1085;280;1170;5410;1300;260;1125;955;1770;.;.;.;.;5025;2780;940;1315;1,8;16565;4579;.;3;97;.;.;.;.;.;.;.;98;2;.;.;.;.;.;.;.;.;.;.;.;.;.;.;.;.;.;.;.;.;.;.;.;.;.;.;.;.;.;.;.;.;.;.;.;.;.;.;.;.;.;.;2325;1785;540;0,5;4103;110;.;.;.;.;.;57;57;0;3014;2;1;6295
BU05990112;05990112;Cool;Rotterdam;Buurt;BU05990112;1;5870;2995;2875;455;1015;2665;1005;725;4135;1065;505;170;1190;2120;325;190;410;215;970;.;.;.;.;3690;2385;825;485;1,5;9622;3366;.;1;99;.;.;.;.;.;.;.;85;15;.;.;.;.;.;.;.;.;.;.;.;.;.;.;.;.;.;.;.;.;.;.;.;.;.;.;.;.;.;.;.;.;.;.;.;.;.;.;.;.;.;.;1630;1215;420;0,4;2673;90;.;.;.;.;.;61;61;0;3012;1;1;6198
BU05990113;05990113;Cs Kwartier;Rotterdam;Buurt;BU05990113;1;975;545;430;70;155;455;190;100;650;245;65;20;230;340;5;40;45;15;230;.;.;.;.;625;380;170;80;1,6;2394;562;.;0;100;.;.;.;.;.;.;.;100;0;.;.;.;.;.;.;.;.;.;.;.;.;.;.;.;.;.;.;.;.;.;.;.;.;.;.;.;.;.;.;.;.;.;.;.;.;.;.;.;.;.;.;395;275;120;0,6;964;20;.;.;.;.;.;41;41;0;3013;1;1;6934
BU05990118;05990118;Nieuwe Werk;Rotterdam;Buurt;BU05990118;1;1720;935;780;100;455;530;380;255;1120;460;95;50;350;260;15;60;45;15;120;.;.;.;.;1145;720;345;90;1,5;2494;906;.;4;96;.;.;.;.;.;.;.;78;22;.;.;.;.;.;.;.;.;.;.;.;.;.;.;.;.;.;.;.;.;.;.;.;.;.;.;.;.;.;.;.;.;.;.;.;.;.;.;.;.;.;.;935;675;260;0,8;1353;35;.;.;.;.;.;104;69;35;3016;1;1;3420
BU05990119;05990119;Dijkzigt;Rotterdam;Buurt;BU05990119;1;690;340;350;35;215;340;60;40;590;80;20;10;95;265;0;95;40;10;110;.;.;.;.;520;395;105;30;1,3;1385;432;.;3;97;.;.;.;.;.;.;.;83;17;.;.;.;.;.;.;.;.;.;.;.;.;.;.;.;.;.;.;.;.;.;.;.;.;.;.;.;.;.;.;.;.;.;.;.;.;.;.;.;.;.;.;1955;1910;45;.;.;15;.;.;.;.;.;52;50;2;3015;1;1;5269
WK059903;059903;Delfshaven;Rotterdam;Wijk;WK059903;1;75605;38480;37120;12480;12035;26220;17610;7260;48050;18445;7420;1695;10290;42125;9805;2545;7375;9740;12655;.;.;.;.;38470;19645;7560;11275;1,9;14666;34895;.;4;96;.;.;.;.;.;.;.;90;10;.;.;.;.;.;.;.;.;.;.;.;.;.;.;.;.;.;.;.;.;.;.;.;.;.;.;.;.;.;.;.;.;.;.;.;.;.;.;.;.;.;.;19215;15630;3590;0,5;3728;905;.;.;.;.;.;596;516;81;.;.;1;5500
BU05990320;05990320;Delfshaven;Rotterdam;Buurt;BU05990320;1;6915;3590;3325;855;1330;2800;1385;545;5055;1050;700;115;965;3240;515;540;650;430;1100;.;.;.;.;3895;2255;850;800;1,7;16152;3438;.;2;98;.;.;.;.;.;.;.;96;4;.;.;.;.;.;.;.;.;.;.;.;.;.;.;.;.;.;.;.;.;.;.;.;.;.;.;.;.;.;.;.;.;.;.;.;.;.;.;.;.;.;.;1595;1370;225;0,4;3724;120;.;.;.;.;.;55;43;12;3024;1;1;4828
BU05990321;05990321;Bospolder;Rotterdam;Buurt;BU05990321;1;7055;3595;3460;1290;1140;2055;1830;740;4225;1960;685;185;755;4870;1295;185;750;1400;1235;.;.;.;.;3330;1575;565;1200;2,1;20687;3209;.;8;92;.;.;.;.;.;.;.;86;14;.;.;.;.;.;.;.;.;.;.;.;.;.;.;.;.;.;.;.;.;.;.;.;.;.;.;.;.;.;.;.;.;.;.;.;.;.;.;.;.;.;.;1575;1295;280;0,5;4614;70;.;.;.;.;.;34;34;0;3025;1;1;5360
BU05990322;05990322;Tussendijken;Rotterdam;Buurt;BU05990322;1;7110;3575;3535;1220;1065;2330;1660;840;4315;1770;800;235;940;4640;1280;220;715;1205;1215;.;.;.;.;3605;1880;645;1085;2,0;19307;3426;.;1;99;.;.;.;.;.;.;.;91;9;.;.;.;.;.;.;.;.;.;.;.;.;.;.;.;.;.;.;.;.;.;.;.;.;.;.;.;.;.;.;.;.;.;.;.;.;.;.;.;.;.;.;1655;1280;370;0,5;4486;45;.;.;.;.;.;40;37;3;3026;1;1;6228
BU05990323;05990323;Spangen;Rotterdam;Buurt;BU05990323;1;10190;5120;5070;2075;1680;3280;2365;790;6105;2910;985;195;980;7300;1920;320;1145;2010;1905;.;.;.;.;4470;1885;785;1810;2,3;16923;4117;.;4;96;.;.;.;.;.;.;.;87;13;.;.;.;.;.;.;.;.;.;.;.;.;.;.;.;.;.;.;.;.;.;.;.;.;.;.;.;.;.;.;.;.;.;.;.;.;.;.;.;.;.;.;2580;2045;535;0,6;4285;95;.;.;.;.;.;65;60;5;3027;1;1;4664
BU05990324;05990324;Nieuwe Westen;Rotterdam;Buurt;BU05990324;1;19460;9870;9585;3310;3325;6490;4520;1815;12585;4750;1740;390;2395;10745;2805;545;1790;2525;3080;.;.;.;.;9675;4845;1870;2965;2,0;15714;8457;.;3;97;.;.;.;.;.;.;.;91;9;.;.;.;.;.;.;.;.;.;.;.;.;.;.;.;.;.;.;.;.;.;.;.;.;.;.;.;.;.;.;.;.;.;.;.;.;.;.;.;.;.;.;4785;3830;955;0,5;3865;225;.;.;.;.;.;124;124;0;3022;5;1;6618
BU05990325;05990325;Middelland;Rotterdam;Buurt;BU05990325;1;11915;6045;5870;1590;2015;4565;2745;995;8140;2540;1020;220;1900;5025;815;290;990;1005;1920;.;.;.;.;6600;3805;1320;1480;1,8;17506;5608;.;6;94;.;.;.;.;.;.;.;96;4;.;.;.;.;.;.;.;.;.;.;.;.;.;.;.;.;.;.;.;.;.;.;.;.;.;.;.;.;.;.;.;.;.;.;.;.;.;.;.;.;.;.;2940;2420;520;0,4;4323;160;.;.;.;.;.;68;68;0;3021;1;1;6786
BU05990327;05990327;Oud Mathenesse;Rotterdam;Buurt;BU05990327;1;7085;3765;3320;1030;955;2775;1565;765;4445;1630;825;195;1700;3115;385;230;715;495;1285;.;.;.;.;4040;2245;845;960;1,8;8470;3808;.;1;99;.;.;.;.;.;.;.;98;2;.;.;.;.;.;.;.;.;.;.;.;.;.;.;.;.;.;.;.;.;.;.;.;.;.;.;.;.;.;.;.;.;.;.;.;.;.;.;.;.;.;.;2150;1830;320;0,5;2568;95;.;.;.;.;.;84;84;0;3028;1;1;3590
BU05990328;05990328;Witte Dorp;Rotterdam;Buurt;BU05990328;1;585;275;310;105;75;145;180;85;295;225;50;25;40;335;95;10;55;105;70;.;.;.;.;245;85;45;120;2,4;13605;236;.;96;4;.;.;.;.;.;.;.;100;0;.;.;.;.;.;.;.;.;.;.;.;.;.;.;.;.;.;.;.;.;.;.;.;.;.;.;.;.;.;.;.;.;.;.;.;.;.;.;.;.;.;.;160;135;25;0,7;3742;5;.;.;.;.;.;4;4;0;3028;1;1;3637
BU05990329;05990329;Schiemond;Rotterdam;Buurt;BU05990329;1;5265;2625;2640;1000;455;1780;1355;680;2895;1620;615;150;605;2850;690;200;565;555;835;.;.;.;.;2595;1085;645;870;2,0;8559;2596;.;1;99;.;.;.;.;.;.;.;60;40;.;.;.;.;.;.;.;.;.;.;.;.;.;.;.;.;.;.;.;.;.;.;.;.;.;.;.;.;.;.;.;.;.;.;.;.;.;.;.;.;.;.;1775;1420;355;0,7;2883;85;.;.;.;.;.;122;62;61;3029;6;1;3191
WK059904;059904;Overschie;Rotterdam;Wijk;WK059904;1;18350;9115;9230;3610;1670;5400;4620;3050;9470;6395;1605;885;1795;5160;1190;355;1220;950;1440;.;.;.;.;8360;3295;2025;3050;2,2;1229;8421;.;40;60;.;.;.;.;.;.;.;84;16;.;.;.;.;.;.;.;.;.;.;.;.;.;.;.;.;.;.;.;.;.;.;.;.;.;.;.;.;.;.;.;.;.;.;.;.;.;.;.;.;.;.;7425;6155;1270;0,9;497;570;.;.;.;.;.;1580;1494;87;.;.;2;1672
BU05990451;05990451;Kleinpolder;Rotterdam;Buurt;BU05990451;1;7700;3765;3935;1390;780;2225;1825;1485;3940;2420;870;480;735;3445;905;215;730;735;860;.;.;.;.;3810;1845;765;1210;2,0;6179;3875;.;19;81;.;.;.;.;.;.;.;89;11;.;.;.;.;.;.;.;.;.;.;.;.;.;.;.;.;.;.;.;.;.;.;.;.;.;.;.;.;.;.;.;.;.;.;.;.;.;.;.;.;.;.;2865;2300;565;0,8;2297;185;.;.;.;.;.;130;125;5;3042;1;2;1900
BU05990452;05990452;Noord Kethel;Rotterdam;Buurt;BU05990452;1;55;30;25;5;0;10;30;15;20;30;5;5;5;0;0;0;0;0;0;.;.;.;.;30;10;15;10;2,0;25;25;.;92;8;.;.;.;.;.;.;.;88;12;.;.;.;.;.;.;.;.;.;.;.;.;.;.;.;.;.;.;.;.;.;.;.;.;.;.;.;.;.;.;.;.;.;.;.;.;.;.;.;.;.;.;50;45;10;.;.;10;.;.;.;.;.;253;235;18;3047;3;5;94
BU05990454;05990454;Schieveen;Rotterdam;Buurt;BU05990454;1;345;165;180;55;20;75;105;90;150;155;15;25;20;15;0;0;5;0;10;.;.;.;.;135;40;55;50;2,3;83;138;.;100;0;.;.;.;.;.;.;.;91;9;.;.;.;.;.;.;.;.;.;.;.;.;.;.;.;.;.;.;.;.;.;.;.;.;.;.;.;.;.;.;.;.;.;.;.;.;.;.;.;.;.;.;205;165;40;1,5;49;25;.;.;.;.;.;428;417;12;3046;1;5;55
BU05990455;05990455;Zestienhoven;Rotterdam;Buurt;BU05990455;1;2990;1500;1490;970;140;1105;525;255;1720;1060;125;95;295;500;55;35;140;75;195;.;.;.;.;970;155;225;600;3,0;534;947;.;87;13;.;.;.;.;.;.;.;28;72;.;.;.;.;.;.;.;.;.;.;.;.;.;.;.;.;.;.;.;.;.;.;.;.;.;.;.;.;.;.;.;.;.;.;.;.;.;.;.;.;.;.;1150;910;240;1,2;205;95;.;.;.;.;.;591;561;30;3045;1;4;789
BU05990456;05990456;Overschie;Rotterdam;Buurt;BU05990456;1;6865;3450;3410;1145;690;1900;2005;1120;3455;2590;560;260;715;1180;230;105;340;135;370;.;.;.;.;3210;1160;925;1130;2,1;4603;3238;.;45;55;.;.;.;.;.;.;.;95;5;.;.;.;.;.;.;.;.;.;.;.;.;.;.;.;.;.;.;.;.;.;.;.;.;.;.;.;.;.;.;.;.;.;.;.;.;.;.;.;.;.;.;3025;2615;410;0,9;2028;235;.;.;.;.;.;171;149;22;3043;1;2;1817
BU05990457;05990457;Landzicht;Rotterdam;Buurt;BU05990457;1;380;200;175;45;35;80;130;90;185;140;35;25;20;10;0;0;5;0;5;.;.;.;.;200;90;55;60;1,9;5157;198;.;100;0;.;.;.;.;.;.;.;100;0;.;.;.;.;.;.;.;.;.;.;.;.;.;.;.;.;.;.;.;.;.;.;.;.;.;.;.;.;.;.;.;.;.;.;.;.;.;.;.;.;.;.;130;125;5;0,6;1728;15;.;.;.;.;.;7;7;0;3043;1;4;922
WK059905;059905;Noord;Rotterdam;Wijk;WK059905;1;51845;25540;26300;7005;7275;21035;11010;5520;34755;11355;4390;1350;6950;19410;4880;1450;3585;4015;5475;.;.;.;.;29190;16205;6440;6555;1,8;10127;27230;.;3;97;.;.;.;.;.;.;.;97;3;.;.;.;.;.;.;.;.;.;.;.;.;.;.;.;.;.;.;.;.;.;.;.;.;.;.;.;.;.;.;.;.;.;.;.;.;.;.;.;.;.;.;14505;12375;2130;0,5;2834;1015;.;.;.;.;.;535;512;23;.;.;1;6586
BU05990515;05990515;Agniesebuurt;Rotterdam;Buurt;BU05990515;1;4175;2090;2085;540;695;1540;910;490;2800;845;450;85;490;2270;585;230;455;470;530;.;.;.;.;2265;1245;465;560;1,8;11289;2103;.;3;97;.;.;.;.;.;.;.;100;0;.;.;.;.;.;.;.;.;.;.;.;.;.;.;.;.;.;.;.;.;.;.;.;.;.;.;.;.;.;.;.;.;.;.;.;.;.;.;.;.;.;.;1040;880;155;0,5;2806;50;.;.;.;.;.;38;37;1;3032;1;1;8210
BU05990516;05990516;Provenierswijk;Rotterdam;Buurt;BU05990516;1;4605;2285;2320;575;735;1915;940;445;3215;950;340;105;680;1925;355;250;330;420;565;.;.;.;.;2680;1575;550;565;1,7;15619;2468;.;3;97;.;.;.;.;.;.;.;98;2;.;.;.;.;.;.;.;.;.;.;.;.;.;.;.;.;.;.;.;.;.;.;.;.;.;.;.;.;.;.;.;.;.;.;.;.;.;.;.;.;.;.;1160;995;165;0,4;3931;90;.;.;.;.;.;30;30;0;3033;1;1;7156
BU05990531;05990531;Bergpolder;Rotterdam;Buurt;BU05990531;1;8005;3885;4115;730;1265;4215;1250;555;6170;1145;570;125;1245;2105;365;190;430;300;815;.;.;.;.;5130;3190;1230;720;1,6;18100;4826;.;0;100;.;.;.;.;.;.;.;99;1;.;.;.;.;.;.;.;.;.;.;.;.;.;.;.;.;.;.;.;.;.;.;.;.;.;.;.;.;.;.;.;.;.;.;.;.;.;.;.;.;.;.;2305;2040;265;0,4;5211;180;.;.;.;.;.;45;44;1;3038;1;1;5890
BU05990532;05990532;Blijdorp;Rotterdam;Buurt;BU05990532;1;10220;4995;5225;1245;1130;4495;2110;1245;6830;2270;780;345;1570;1440;115;125;300;100;795;.;.;.;.;6005;3310;1555;1145;1,7;6240;5590;.;1;99;.;.;.;.;.;.;.;100;0;.;.;.;.;.;.;.;.;.;.;.;.;.;.;.;.;.;.;.;.;.;.;.;.;.;.;.;.;.;.;.;.;.;.;.;.;.;.;.;.;.;.;3380;2955;425;0,6;2064;255;.;.;.;.;.;169;164;6;3039;1;1;5133
BU05990534;05990534;Liskwartier;Rotterdam;Buurt;BU05990534;1;7590;3665;3925;1195;940;2775;1735;950;4835;1890;610;260;895;2590;715;145;530;565;630;.;.;.;.;4010;2070;870;1075;1,9;13797;3732;.;7;93;.;.;.;.;.;.;.;94;6;.;.;.;.;.;.;.;.;.;.;.;.;.;.;.;.;.;.;.;.;.;.;.;.;.;.;.;.;.;.;.;.;.;.;.;.;.;.;.;.;.;.;2240;1885;355;0,6;4072;160;.;.;.;.;.;57;55;2;3037;1;1;6607
BU05990535;05990535;Oude Noorden;Rotterdam;Buurt;BU05990535;1;17115;8510;8605;2715;2500;6045;4025;1835;10830;4240;1620;430;2055;9020;2735;490;1530;2140;2125;.;.;.;.;9070;4820;1765;2495;1,9;16949;8510;.;5;95;.;.;.;.;.;.;.;96;4;.;.;.;.;.;.;.;.;.;.;.;.;.;.;.;.;.;.;.;.;.;.;.;.;.;.;.;.;.;.;.;.;.;.;.;.;.;.;.;.;.;.;4345;3585;760;0,5;4301;270;.;.;.;.;.;106;101;5;3036;6;1;7334
BU05990558;05990558;Blijdorpsepolder;Rotterdam;Buurt;BU05990558;1;120;100;20;5;15;50;45;5;80;20;25;5;5;55;15;20;5;5;5;.;.;.;.;15;5;10;10;2,2;150;1;.;.;.;.;.;.;.;.;.;.;.;.;.;.;.;.;.;.;.;.;.;.;.;.;.;.;.;.;.;.;.;.;.;.;.;.;.;.;.;.;.;.;.;.;.;.;.;.;.;.;.;.;.;.;40;30;5;.;.;10;.;.;.;.;.;89;81;7;3041;1;2;2073
WK059906;059906;Hillegersberg-Schiebroek;Rotterdam;Wijk;WK059906;1;44110;20995;23115;8730;4515;10850;11845;8170;23120;14805;3810;2385;5235;7920;1650;765;1545;915;3040;.;.;.;.;20440;8610;4760;7075;2,1;3780;20703;.;41;59;.;.;.;.;.;.;.;85;15;.;.;.;.;.;.;.;.;.;.;.;.;.;.;.;.;.;.;.;.;.;.;.;.;.;.;.;.;.;.;.;.;.;.;.;.;.;.;.;.;.;.;17530;15015;2510;0,9;1502;950;.;.;.;.;.;1328;1167;161;.;.;2;2301
BU05990660;05990660;Schiebroek;Rotterdam;Buurt;BU05990660;1;16660;7810;8850;3495;1725;4335;4190;2915;9140;4975;1645;905;1575;4815;1230;515;835;605;1630;.;.;.;.;7910;3635;1495;2790;2,1;3441;8011;.;34;66;.;.;.;.;.;.;.;92;8;.;.;.;.;.;.;.;.;.;.;.;.;.;.;.;.;.;.;.;.;.;.;.;.;.;.;.;.;.;.;.;.;.;.;.;.;.;.;.;.;.;.;5565;4810;755;0,7;1149;305;.;.;.;.;.;493;484;8;3053;4;1;2507
BU05990661;05990661;Hillegersberg Zuid;Rotterdam;Buurt;BU05990661;1;8020;3925;4095;1450;935;2695;2030;910;4875;2410;565;175;1080;835;80;65;175;95;415;.;.;.;.;3930;1690;1035;1215;2,0;6716;3813;.;26;74;.;.;.;.;.;.;.;95;5;.;.;.;.;.;.;.;.;.;.;.;.;.;.;.;.;.;.;.;.;.;.;.;.;.;.;.;.;.;.;.;.;.;.;.;.;.;.;.;.;.;.;3150;2710;440;0,8;2635;240;.;.;.;.;.;127;119;8;3051;1;1;3120
BU05990662;05990662;Hillegersberg Noord;Rotterdam;Buurt;BU05990662;1;7845;3660;4185;1175;750;1570;2190;2160;3535;2865;795;655;1005;1205;245;100;280;120;460;.;.;.;.;3955;1860;1050;1050;1,9;4276;4136;.;29;71;.;.;.;.;.;.;.;70;30;.;.;.;.;.;.;.;.;.;.;.;.;.;.;.;.;.;.;.;.;.;.;.;.;.;.;.;.;.;.;.;.;.;.;.;.;.;.;.;.;.;.;3515;2995;525;0,9;1916;130;.;.;.;.;.;306;184;123;3054;1;2;2085
BU05990664;05990664;Terbregge;Rotterdam;Buurt;BU05990664;1;3470;1720;1750;725;425;720;1240;360;1820;1355;235;70;390;525;70;25;180;60;185;.;.;.;.;1325;280;355;700;2,6;1949;1304;.;89;11;.;.;.;.;.;.;.;33;67;.;.;.;.;.;.;.;.;.;.;.;.;.;.;.;.;.;.;.;.;.;.;.;.;.;.;.;.;.;.;.;.;.;.;.;.;.;.;.;.;.;.;1550;1310;235;1,2;869;130;.;.;.;.;.;188;178;10;3056;1;4;877
BU05990665;05990665;Molenlaankwartier;Rotterdam;Buurt;BU05990665;1;8105;3875;4225;1885;670;1530;2190;1825;3755;3205;575;575;1175;535;25;55;75;30;340;.;.;.;.;3310;1155;830;1330;2,4;4025;3439;.;69;31;.;.;.;.;.;.;.;98;2;.;.;.;.;.;.;.;.;.;.;.;.;.;.;.;.;.;.;.;.;.;.;.;.;.;.;.;.;.;.;.;.;.;.;.;.;.;.;.;.;.;.;3750;3190;560;1,1;1861;140;.;.;.;.;.;214;201;12;3055;1;2;1703
WK059908;059908;Kralingen-Crooswijk;Rotterdam;Wijk;WK059908;1;53870;26125;27745;7240;10915;17065;11240;7410;34845;12395;4770;1865;8650;20165;5325;1195;3590;3130;6920;.;.;.;.;30955;18175;6330;6455;1,7;5167;27900;.;8;92;.;.;.;.;.;.;.;92;8;.;.;.;.;.;.;.;.;.;.;.;.;.;.;.;.;.;.;.;.;.;.;.;.;.;.;.;.;.;.;.;.;.;.;.;.;.;.;.;.;.;.;16050;13405;2650;0,5;1539;750;.;.;.;.;.;1277;1043;234;.;.;1;5247
BU05990814;05990814;Rubroek;Rotterdam;Buurt;BU05990814;1;8335;3940;4390;1050;1475;2930;1670;1210;5430;1735;815;360;1195;3455;985;200;655;490;1125;.;.;.;.;4780;2760;1000;1030;1,7;15888;4585;.;0;100;.;.;.;.;.;.;.;93;7;.;.;.;.;.;.;.;.;.;.;.;.;.;.;.;.;.;.;.;.;.;.;.;.;.;.;.;.;.;.;.;.;.;.;.;.;.;.;.;.;.;.;2105;1830;275;0,4;4012;130;.;.;.;.;.;54;52;2;3031;1;1;7743
BU05990836;05990836;Nieuw Crooswijk;Rotterdam;Buurt;BU05990836;1;3160;1645;1510;600;405;1280;600;280;2055;770;280;65;355;1315;530;65;195;185;335;.;.;.;.;1630;805;375;460;1,9;3063;1600;.;5;95;.;.;.;.;.;.;.;70;30;.;.;.;.;.;.;.;.;.;.;.;.;.;.;.;.;.;.;.;.;.;.;.;.;.;.;.;.;.;.;.;.;.;.;.;.;.;.;.;.;.;.;950;775;175;0,6;922;65;.;.;.;.;.;110;103;7;3034;1;1;4831
BU05990837;05990837;Oud Crooswijk;Rotterdam;Buurt;BU05990837;1;8265;3970;4295;1470;1185;2435;2010;1165;4820;2125;960;365;765;4930;1730;255;760;1090;1095;.;.;.;.;4135;2125;705;1315;2,0;16925;4088;.;4;96;.;.;.;.;.;.;.;95;5;.;.;.;.;.;.;.;.;.;.;.;.;.;.;.;.;.;.;.;.;.;.;.;.;.;.;.;.;.;.;.;.;.;.;.;.;.;.;.;.;.;.;2010;1655;360;0,5;4120;85;.;.;.;.;.;53;49;4;3034;1;1;6498
BU05990841;05990841;Kralingen West;Rotterdam;Buurt;BU05990841;1;15880;7645;8230;2235;3085;5285;3330;1940;10505;3480;1425;475;2245;6275;1660;305;1295;1020;1990;.;.;.;.;8965;5155;1830;1990;1,8;15526;8077;.;7;93;.;.;.;.;.;.;.;93;7;.;.;.;.;.;.;.;.;.;.;.;.;.;.;.;.;.;.;.;.;.;.;.;.;.;.;.;.;.;.;.;.;.;.;.;.;.;.;.;.;.;.;4355;3715;640;0,5;4258;185;.;.;.;.;.;102;102;0;3061;1;1;5684
BU05990842;05990842;Kralingen Oost;Rotterdam;Buurt;BU05990842;1;8075;3910;4160;1190;2085;1940;1645;1220;5170;2225;415;270;1755;1145;80;75;145;70;770;.;.;.;.;4490;2630;965;900;1,8;3998;3804;.;31;69;.;.;.;.;.;.;.;88;12;.;.;.;.;.;.;.;.;.;.;.;.;.;.;.;.;.;.;.;.;.;.;.;.;.;.;.;.;.;.;.;.;.;.;.;.;.;.;.;.;.;.;2905;2360;540;0,6;1437;110;.;.;.;.;.;205;202;3;3062;1;1;3169
BU05990843;05990843;Kralingse Bos;Rotterdam;Buurt;BU05990843;1;105;50;50;10;20;20;35;20;60;35;5;5;5;0;0;0;0;0;0;.;.;.;.;45;20;15;20;2,2;32;25;.;84;16;.;.;.;.;.;.;.;100;0;.;.;.;.;.;.;.;.;.;.;.;.;.;.;.;.;.;.;.;.;.;.;.;.;.;.;.;.;.;.;.;.;.;.;.;.;.;.;.;.;.;.;65;45;20;.;.;15;.;.;.;.;.;447;326;121;3062;1;2;1601
BU05990845;05990845;De Esch;Rotterdam;Buurt;BU05990845;1;4490;2165;2325;435;705;1410;1125;820;2705;1075;550;165;575;1705;195;195;385;200;730;.;.;.;.;2740;1600;655;495;1,6;2658;2588;.;3;97;.;.;.;.;.;.;.;99;1;.;.;.;.;.;.;.;.;.;.;.;.;.;.;.;.;.;.;.;.;.;.;.;.;.;.;.;.;.;.;.;.;.;.;.;.;.;.;.;.;.;.;1875;1600;280;0,7;1110;80;.;.;.;.;.;243;169;74;3063;1;2;1886
BU05990847;05990847;Struisenburg;Rotterdam;Buurt;BU05990847;1;5555;2785;2770;250;1960;1770;820;755;4110;960;325;165;1755;1330;140;100;150;70;865;.;.;.;.;4150;3095;805;255;1,3;14339;3133;.;0;100;.;.;.;.;.;.;.;94;6;.;.;.;.;.;.;.;.;.;.;.;.;.;.;.;.;.;.;.;.;.;.;.;.;.;.;.;.;.;.;.;.;.;.;.;.;.;.;.;.;.;.;1785;1420;365;0,4;4605;80;.;.;.;.;.;62;39;23;3063;1;1;4745
WK059910;059910;Feijenoord;Rotterdam;Wijk;WK059910;1;75025;37180;37845;13515;10085;22940;18935;9550;42460;21805;8115;2650;8100;43385;8530;3790;7325;13280;10455;.;.;.;.;36210;16620;7385;12210;2,1;11331;35038;.;24;76;.;.;.;.;.;.;.;84;16;.;.;.;.;.;.;.;.;.;.;.;.;.;.;.;.;.;.;.;.;.;.;.;.;.;.;.;.;.;.;.;.;.;.;.;.;.;.;.;.;.;.;21220;17330;3890;0,6;3205;960;.;.;.;.;.;855;662;193;.;.;1;4705
BU05991017;05991017;Kop van Zuid;Rotterdam;Buurt;BU05991017;1;2700;1395;1300;210;360;1475;490;165;1850;675;155;25;500;950;65;160;115;105;500;.;.;.;.;1715;1010;515;205;1,6;10069;1862;.;0;100;.;.;.;.;.;.;.;10;90;.;.;.;.;.;.;.;.;.;.;.;.;.;.;.;.;.;.;.;.;.;.;.;.;.;.;.;.;.;.;.;.;.;.;.;.;.;.;.;.;.;.;1265;880;385;0,7;4710;80;.;.;.;.;.;64;27;37;3072;2;1;4038
BU05991079;05991079;Kop van Zuid - Entrepot;Rotterdam;Buurt;BU05991079;3;7960;3930;4030;1510;830;2545;2110;970;4490;2395;865;220;1055;4175;1020;320;775;870;1190;.;.;.;.;3855;1675;905;1285;2,1;13609;3677;.;8;92;.;.;.;.;.;.;.;77;23;.;.;.;.;.;.;.;.;.;.;.;.;.;.;.;.;.;.;.;.;.;.;.;.;.;.;.;.;.;.;.;.;.;.;.;.;.;.;.;.;.;.;2380;1930;450;0,6;4070;135;.;.;.;.;.;67;59;9;3071;1;1;4579
BU05991080;05991080;Vreewijk;Rotterdam;Buurt;BU05991080;1;14050;6690;7355;2160;1570;3365;4145;2815;7240;4125;1855;835;1430;4890;855;725;1165;770;1370;.;.;.;.;7155;3340;1595;2225;1,9;6875;7047;.;68;32;.;.;.;.;.;.;.;96;4;.;.;.;.;.;.;.;.;.;.;.;.;.;.;.;.;.;.;.;.;.;.;.;.;.;.;.;.;.;.;.;.;.;.;.;.;.;.;.;.;.;.;4490;3905;585;0,6;2197;255;.;.;.;.;.;207;204;3;3075;1;1;4047
BU05991081;05991081;Bloemhof;Rotterdam;Buurt;BU05991081;1;14030;7110;6920;2700;2160;4410;3345;1420;8180;4050;1395;410;1745;9045;1585;800;1425;3390;1840;.;.;.;.;6580;2930;1265;2395;2,1;18067;6244;.;34;66;.;.;.;.;.;.;.;96;4;.;.;.;.;.;.;.;.;.;.;.;.;.;.;.;.;.;.;.;.;.;.;.;.;.;.;.;.;.;.;.;.;.;.;.;.;.;.;.;.;.;.;3640;3000;640;0,6;4685;120;.;.;.;.;.;79;78;1;3073;1;1;6241
BU05991082;05991082;Hillesluis;Rotterdam;Buurt;BU05991082;1;11910;6035;5875;2420;1840;3970;2655;1025;6835;3600;1180;300;1285;8640;1750;585;1280;3365;1655;.;.;.;.;5355;2370;980;2015;2,2;13276;5171;.;8;92;.;.;.;.;.;.;.;90;10;.;.;.;.;.;.;.;.;.;.;.;.;.;.;.;.;.;.;.;.;.;.;.;.;.;.;.;.;.;.;.;.;.;.;.;.;.;.;.;.;.;.;3205;2535;670;0,6;3573;115;.;.;.;.;.;90;90;1;3074;1;1;4745
BU05991085;05991085;Katendrecht;Rotterdam;Buurt;BU05991085;1;4795;2360;2435;990;485;1435;1270;620;2725;1415;485;170;455;2155;385;270;440;175;880;.;.;.;.;2275;975;500;805;2,1;8682;2210;.;15;85;.;.;.;.;.;.;.;63;37;.;.;.;.;.;.;.;.;.;.;.;.;.;.;.;.;.;.;.;.;.;.;.;.;.;.;.;.;.;.;.;.;.;.;.;.;.;.;.;.;.;.;1425;1185;240;0,6;2579;75;.;.;.;.;.;118;55;63;3072;1;1;3223
BU05991086;05991086;Afrikaanderwijk;Rotterdam;Buurt;BU05991086;3;8715;4315;4395;1560;1385;2440;2205;1130;4705;2695;980;340;605;6845;1375;435;1075;2530;1430;.;.;.;.;3925;1760;675;1500;2,2;14058;3673;.;5;95;.;.;.;.;.;.;.;79;21;.;.;.;.;.;.;.;.;.;.;.;.;.;.;.;.;.;.;.;.;.;.;.;.;.;.;.;.;.;.;.;.;.;.;.;.;.;.;.;.;.;.;1895;1500;400;0,5;3059;50;.;.;.;.;.;62;62;0;3072;1;1;5363
BU05991087;05991087;Feijenoord;Rotterdam;Buurt;BU05991087;1;7490;3660;3830;1595;1080;2105;1810;900;4370;2055;860;205;535;5700;1330;430;860;1855;1230;.;.;.;.;3340;1460;500;1385;2,2;11870;3249;.;4;96;.;.;.;.;.;.;.;92;8;.;.;.;.;.;.;.;.;.;.;.;.;.;.;.;.;.;.;.;.;.;.;.;.;.;.;.;.;.;.;.;.;.;.;.;.;.;.;.;.;.;.;1700;1370;330;0,5;2693;40;.;.;.;.;.;100;63;37;3071;1;1;3964
BU05991088;05991088;Noordereiland;Rotterdam;Buurt;BU05991088;1;3355;1660;1695;380;375;1190;905;510;2070;800;340;150;485;970;160;60;185;210;350;.;.;.;.;1990;1115;470;415;1,7;13626;1905;.;2;98;.;.;.;.;.;.;.;87;13;.;.;.;.;.;.;.;.;.;.;.;.;.;.;.;.;.;.;.;.;.;.;.;.;.;.;.;.;.;.;.;.;.;.;.;.;.;.;.;.;.;.;1215;1030;185;0,6;4937;90;.;.;.;.;.;67;25;42;3071;1;1;4609
WK059912;059912;IJsselmonde;Rotterdam;Wijk;WK059912;1;60140;29070;31070;10655;7015;16415;15425;10635;31005;19180;6450;3510;6145;24325;2765;3855;6265;4130;7305;.;.;.;.;28530;12350;6430;9760;2,1;5102;28809;.;36;64;.;.;.;.;.;.;.;91;9;.;.;.;.;.;.;.;.;.;.;.;.;.;.;.;.;.;.;.;.;.;.;.;.;.;.;.;.;.;.;.;.;.;.;.;.;.;.;.;.;.;.;21340;18425;2920;0,7;1811;1310;.;.;.;.;.;1309;1179;130;.;.;1;2554
BU05991283;05991283;Oud IJsselmonde;Rotterdam;Buurt;BU05991283;1;5720;2940;2780;800;605;1590;1885;840;2675;2465;425;160;635;1560;155;155;505;220;520;.;.;.;.;2695;955;900;845;2,1;2917;2750;.;42;58;.;.;.;.;.;.;.;76;24;.;.;.;.;.;.;.;.;.;.;.;.;.;.;.;.;.;.;.;.;.;.;.;.;.;.;.;.;.;.;.;.;.;.;.;.;.;.;.;.;.;.;2810;2325;485;1,0;1432;225;.;.;.;.;.;315;196;119;3077;1;2;1679
BU05991284;05991284;Lombardijen;Rotterdam;Buurt;BU05991284;1;13900;6875;7020;2565;1625;3975;3330;2405;7485;3940;1680;800;1535;6350;960;900;1180;1395;1910;.;.;.;.;6885;3340;1340;2215;2,0;5325;6932;.;26;74;.;.;.;.;.;.;.;94;6;.;.;.;.;.;.;.;.;.;.;.;.;.;.;.;.;.;.;.;.;.;.;.;.;.;.;.;.;.;.;.;.;.;.;.;.;.;.;.;.;.;.;4495;3855;640;0,7;1722;240;.;.;.;.;.;263;261;1;3076;1;1;2591
BU05991289;05991289;Groot IJsselmonde;Rotterdam;Buurt;BU05991289;1;28450;13385;15065;4780;3110;7540;6840;6185;14070;9120;3060;2205;2805;10230;1205;1705;2345;1930;3040;.;.;.;.;13895;6310;3195;4395;2,0;4966;14234;.;33;67;.;.;.;.;.;.;.;89;11;.;.;.;.;.;.;.;.;.;.;.;.;.;.;.;.;.;.;.;.;.;.;.;.;.;.;.;.;.;.;.;.;.;.;.;.;.;.;.;.;.;.;10020;8735;1285;0,7;1749;600;.;.;.;.;.;580;573;7;3079;5;1;2713
BU05991290;05991290;Beverwaard;Rotterdam;Buurt;BU05991290;1;12060;5860;6200;2515;1670;3310;3370;1205;6775;3660;1290;345;1165;6185;445;1090;2230;585;1835;.;.;.;.;5050;1750;1000;2310;2,3;8122;4893;.;54;46;.;.;.;.;.;.;.;100;0;.;.;.;.;.;.;.;.;.;.;.;.;.;.;.;.;.;.;.;.;.;.;.;.;.;.;.;.;.;.;.;.;.;.;.;.;.;.;.;.;.;.;4020;3510;510;0,8;2706;245;.;.;.;.;.;151;149;3;3077;1;1;2544
WK059913;059913;Pernis;Rotterdam;Wijk;WK059913;1;4845;2420;2420;740;530;1225;1455;900;2245;1960;385;255;445;465;30;95;140;35;165;.;.;.;.;2220;735;700;790;2,2;3069;2215;.;85;15;.;.;.;.;.;.;.;85;15;.;.;.;.;.;.;.;.;.;.;.;.;.;.;.;.;.;.;.;.;.;.;.;.;.;.;.;.;.;.;.;.;.;.;.;.;.;.;.;.;.;.;2250;2030;220;1,0;1426;250;.;.;.;.;.;162;158;4;.;.;4;732
BU05991391;05991391;Pernis;Rotterdam;Buurt;BU05991391;1;4845;2420;2420;740;530;1225;1455;900;2245;1960;385;255;445;465;30;95;140;35;165;.;.;.;.;2220;735;700;790;2,2;3069;2215;.;85;15;.;.;.;.;.;.;.;85;15;.;.;.;.;.;.;.;.;.;.;.;.;.;.;.;.;.;.;.;.;.;.;.;.;.;.;.;.;.;.;.;.;.;.;.;.;.;.;.;.;.;.;2250;2030;220;1,0;1426;250;.;.;.;.;.;162;158;4;3195;1;4;732
WK059914;059914;Prins Alexander;Rotterdam;Wijk;WK059914;1;95445;45610;49835;15470;10560;22665;26795;19960;45890;34145;9900;5515;9605;24550;2420;2325;8340;2305;9160;.;.;.;.;45840;19340;11210;15300;2,1;5491;45605;.;41;59;.;.;.;.;.;.;.;86;14;.;.;.;.;.;.;.;.;.;.;.;.;.;.;.;.;.;.;.;.;.;.;.;.;.;.;.;.;.;.;.;.;.;.;.;.;.;.;.;.;.;.;37110;32365;4745;0,8;2135;2075;.;.;.;.;.;1860;1738;122;.;.;1;2679
BU05991444;05991444;'s Gravenland;Rotterdam;Buurt;BU05991444;1;8270;4070;4195;1280;1325;1520;2895;1250;4015;3360;650;250;1040;1695;160;145;535;195;665;.;.;.;.;3510;1005;1030;1480;2,4;3979;3393;.;67;33;.;.;.;.;.;.;.;94;6;.;.;.;.;.;.;.;.;.;.;.;.;.;.;.;.;.;.;.;.;.;.;.;.;.;.;.;.;.;.;.;.;.;.;.;.;.;.;.;.;.;.;3705;3145;560;1,1;1783;170;.;.;.;.;.;223;208;16;3065;1;2;1962
BU05991446;05991446;Kralingseveer;Rotterdam;Buurt;BU05991446;1;1630;835;790;270;205;455;500;205;820;630;110;75;130;215;10;35;50;25;90;.;.;.;.;725;260;195;280;2,2;3182;736;.;86;14;.;.;.;.;.;.;.;100;0;.;.;.;.;.;.;.;.;.;.;.;.;.;.;.;.;.;.;.;.;.;.;.;.;.;.;.;.;.;.;.;.;.;.;.;.;.;.;.;.;.;.;680;610;65;0,9;1322;70;.;.;.;.;.;64;51;13;3064;1;3;1424
BU05991448;05991448;Prinsenland;Rotterdam;Buurt;BU05991448;1;9905;4805;5100;1260;940;2065;3245;2400;4400;3680;1175;655;960;2550;240;225;835;300;940;.;.;.;.;5150;2375;1325;1455;1,9;5767;5154;.;34;66;.;.;.;.;.;.;.;94;6;.;.;.;.;.;.;.;.;.;.;.;.;.;.;.;.;.;.;.;.;.;.;.;.;.;.;.;.;.;.;.;.;.;.;.;.;.;.;.;.;.;.;4010;3525;480;0,8;2333;185;.;.;.;.;.;180;172;8;3066;1;1;2892
BU05991449;05991449;Het Lage Land;Rotterdam;Buurt;BU05991449;1;10855;5050;5805;1390;1490;2905;2570;2500;5600;3170;1295;795;1315;2925;255;280;795;315;1280;.;.;.;.;6055;3315;1335;1415;1,8;5083;5875;.;19;81;.;.;.;.;.;.;.;91;9;.;.;.;.;.;.;.;.;.;.;.;.;.;.;.;.;.;.;.;.;.;.;.;.;.;.;.;.;.;.;.;.;.;.;.;.;.;.;.;.;.;.;4170;3615;560;0,7;1953;240;.;.;.;.;.;216;214;3;3067;1;1;3249
BU05991463;05991463;Ommoord;Rotterdam;Buurt;BU05991463;1;25560;11820;13735;3555;2380;5370;6515;7745;10840;9680;2830;2215;2425;5325;625;520;1505;425;2245;.;.;.;.;13040;5890;3485;3670;1,9;5878;13127;.;37;63;.;.;.;.;.;.;.;96;4;.;.;.;.;.;.;.;.;.;.;.;.;.;.;.;.;.;.;.;.;.;.;.;.;.;.;.;.;.;.;.;.;.;.;.;.;.;.;.;.;.;.;9740;8670;1070;0,7;2240;535;.;.;.;.;.;448;435;13;3068;5;1;2894
BU05991466;05991466;Zevenkamp;Rotterdam;Buurt;BU05991466;1;16040;7755;8280;2705;1880;4040;4865;2555;8185;5355;1810;695;1580;5350;500;600;2145;460;1645;.;.;.;.;7335;2840;1655;2850;2,1;7632;7293;.;51;49;.;.;.;.;.;.;.;98;2;.;.;.;.;.;.;.;.;.;.;.;.;.;.;.;.;.;.;.;.;.;.;.;.;.;.;.;.;.;.;.;.;.;.;.;.;.;.;.;.;.;.;5840;5110;730;0,8;2780;350;.;.;.;.;.;216;210;6;3068;5;2;2479
BU05991467;05991467;Oosterflank;Rotterdam;Buurt;BU05991467;1;10545;4970;5570;1490;1125;2660;3125;2140;5350;3325;1315;565;1105;3800;420;325;1395;350;1310;.;.;.;.;5545;2755;1170;1630;1,9;6541;5586;.;27;73;.;.;.;.;.;.;.;95;5;.;.;.;.;.;.;.;.;.;.;.;.;.;.;.;.;.;.;.;.;.;.;.;.;.;.;.;.;.;.;.;.;.;.;.;.;.;.;.;.;.;.;3795;3355;440;0,7;2354;185;.;.;.;.;.;163;161;2;3067;1;1;3341
BU05991468;05991468;Nesselande;Rotterdam;Buurt;BU05991468;1;12635;6290;6340;3520;1215;3645;3080;1170;6690;4960;715;275;1050;2680;200;185;1080;230;980;.;.;.;.;4465;915;1030;2530;2,8;4394;4441;.;69;31;.;.;.;.;.;.;.;2;98;.;.;.;.;.;.;.;.;.;.;.;.;.;.;.;.;.;.;.;.;.;.;.;.;.;.;.;.;.;.;.;.;.;.;.;.;.;.;.;.;.;.;5170;4330;840;1,2;1798;340;.;.;.;.;.;350;288;62;3059;1;3;1133
WK059915;059915;Charlois;Rotterdam;Wijk;WK059915;1;67270;34125;33145;11805;8970;22345;15765;8385;40230;17230;7155;2665;11535;32095;4755;4695;7230;6160;9255;.;.;.;.;34000;16865;6775;10370;1,9;6013;33920;.;17;83;.;.;.;.;.;.;.;90;10;.;.;.;.;.;.;.;.;.;.;.;.;.;.;.;.;.;.;.;.;.;.;.;.;.;.;.;.;.;.;.;.;.;.;.;.;.;.;.;.;.;.;20675;17375;3300;0,6;1848;1105;.;.;.;.;.;1190;1119;71;.;.;1;3801
BU05991570;05991570;Charlois Zuidrand;Rotterdam;Buurt;BU05991570;1;470;240;230;45;30;110;145;140;245;145;55;30;45;65;5;10;25;10;15;.;.;.;.;130;40;50;45;2,3;239;131;.;92;8;.;.;.;.;.;.;.;97;3;.;.;.;.;.;.;.;.;.;.;.;.;.;.;.;.;.;.;.;.;.;.;.;.;.;.;.;.;.;.;.;.;.;.;.;.;.;.;.;.;.;.;510;390;120;.;.;20;.;.;.;.;.;197;197;1;3084;1;3;1111
BU05991571;05991571;Tarwewijk;Rotterdam;Buurt;BU05991571;1;12310;6385;5925;2240;1975;4585;2685;830;7980;2920;1200;215;2580;7100;1045;1025;1540;1475;2015;.;.;.;.;6230;3060;1215;1965;2,0;14544;5969;.;9;91;.;.;.;.;.;.;.;95;5;.;.;.;.;.;.;.;.;.;.;.;.;.;.;.;.;.;.;.;.;.;.;.;.;.;.;.;.;.;.;.;.;.;.;.;.;.;.;.;.;.;.;3400;2770;625;0,5;4014;145;.;.;.;.;.;114;85;30;3081;1;1;5743
BU05991572;05991572;Carnisse;Rotterdam;Buurt;BU05991572;3;11370;6025;5345;1900;1550;4630;2385;910;7575;2405;1130;270;3050;4485;535;665;1065;705;1515;.;.;.;.;6210;3260;1245;1715;1,8;19420;6165;.;4;96;.;.;.;.;.;.;.;99;1;.;.;.;.;.;.;.;.;.;.;.;.;.;.;.;.;.;.;.;.;.;.;.;.;.;.;.;.;.;.;.;.;.;.;.;.;.;.;.;.;.;.;3535;3000;535;0,6;6035;220;.;.;.;.;.;59;59;0;3083;1;1;5113
BU05991573;05991573;Zuidwijk;Rotterdam;Buurt;BU05991573;1;12700;6155;6545;2225;1490;3520;3130;2340;6970;3485;1450;800;1390;5910;960;955;1325;1020;1645;.;.;.;.;6555;3340;1270;1950;1,9;8288;6702;.;21;79;.;.;.;.;.;.;.;88;12;.;.;.;.;.;.;.;.;.;.;.;.;.;.;.;.;.;.;.;.;.;.;.;.;.;.;.;.;.;.;.;.;.;.;.;.;.;.;.;.;.;.;3875;3355;520;0,6;2529;210;.;.;.;.;.;153;153;0;3085;1;1;2629
BU05991574;05991574;Oud Charlois;Rotterdam;Buurt;BU05991574;1;13660;6990;6670;2295;1900;4605;3400;1465;8240;3615;1440;370;2430;6060;945;755;1295;1310;1755;.;.;.;.;6955;3420;1455;2090;2,0;10637;6833;.;11;89;.;.;.;.;.;.;.;92;8;.;.;.;.;.;.;.;.;.;.;.;.;.;.;.;.;.;.;.;.;.;.;.;.;.;.;.;.;.;.;.;.;.;.;.;.;.;.;.;.;.;.;4295;3600;695;0,6;3344;240;.;.;.;.;.;142;128;14;3082;2;1;3510
BU05991575;05991575;Wielewaal;Rotterdam;Buurt;BU05991575;1;435;230;205;50;35;110;150;95;235;115;55;35;40;85;5;10;30;10;25;.;.;.;.;260;150;55;65;1,7;2112;544;.;99;1;.;.;.;.;.;.;.;100;0;.;.;.;.;.;.;.;.;.;.;.;.;.;.;.;.;.;.;.;.;.;.;.;.;.;.;.;.;.;.;.;.;.;.;.;.;.;.;.;.;.;.;160;145;15;0,6;779;15;.;.;.;.;.;21;21;0;3084;1;2;2057
BU05991576;05991576;Zuidplein;Rotterdam;Buurt;BU05991576;1;1250;630;615;130;125;475;270;250;705;320;165;65;185;470;55;35;115;85;175;.;.;.;.;760;450;190;125;1,6;4834;755;.;0;100;.;.;.;.;.;.;.;100;0;.;.;.;.;.;.;.;.;.;.;.;.;.;.;.;.;.;.;.;.;.;.;.;.;.;.;.;.;.;.;.;.;.;.;.;.;.;.;.;.;.;.;415;330;85;0,5;1600;15;.;.;.;.;.;26;26;0;3083;1;1;5397
BU05991577;05991577;Pendrecht;Rotterdam;Buurt;BU05991577;1;12380;6160;6220;2620;1600;3775;2895;1500;7060;3460;1365;495;1530;7330;1145;1060;1715;1455;1955;.;.;.;.;5690;2535;1030;2130;2,1;10151;5608;.;28;72;.;.;.;.;.;.;.;79;21;.;.;.;.;.;.;.;.;.;.;.;.;.;.;.;.;.;.;.;.;.;.;.;.;.;.;.;.;.;.;.;.;.;.;.;.;.;.;.;.;.;.;3655;3060;595;0,6;2997;170;.;.;.;.;.;122;122;0;3086;1;1;2623
BU05991578;05991578;Zuiderpark;Rotterdam;Buurt;BU05991578;3;1280;585;695;85;90;205;270;630;520;305;155;310;100;250;15;60;70;30;75;.;.;.;.;500;330;125;55;1,5;442;513;.;11;89;.;.;.;.;.;.;.;50;50;.;.;.;.;.;.;.;.;.;.;.;.;.;.;.;.;.;.;.;.;.;.;.;.;.;.;.;.;.;.;.;.;.;.;.;.;.;.;.;.;.;.;250;225;25;0,5;87;10;.;.;.;.;.;317;290;27;3084;1;1;2979
BU05991593;05991593;Heijplaat;Rotterdam;Buurt;BU05991593;1;1395;710;685;215;185;335;440;220;710;465;145;80;175;325;35;115;45;55;75;.;.;.;.;695;295;160;250;2,0;3579;700;.;65;35;.;.;.;.;.;.;.;83;17;.;.;.;.;.;.;.;.;.;.;.;.;.;.;.;.;.;.;.;.;.;.;.;.;.;.;.;.;.;.;.;.;.;.;.;.;.;.;.;.;.;.;580;500;80;0,8;1480;55;.;.;.;.;.;39;39;0;3089;1;5;270
WK059916;059916;Hoogvliet;Rotterdam;Wijk;WK059916;1;34615;16785;17825;5430;3940;8415;10000;6835;15835;13245;3335;2210;3480;9530;555;2040;3095;1060;2775;.;.;.;.;16030;6120;4320;5600;2,1;3695;16065;.;58;42;.;.;.;.;.;.;.;81;19;.;.;.;.;.;.;.;.;.;.;.;.;.;.;.;.;.;.;.;.;.;.;.;.;.;.;.;.;.;.;.;.;.;.;.;.;.;.;.;.;.;.;14250;12575;1680;0,9;1521;985;.;.;.;.;.;1036;937;99;.;.;2;2035
BU05991692;05991692;Hoogvliet Noord;Rotterdam;Buurt;BU05991692;3;12635;6285;6345;2135;1560;3360;3815;1760;6245;4555;1235;605;1350;4705;315;905;1645;655;1185;.;.;.;.;5650;2090;1340;2225;2,2;2749;5601;.;62;38;.;.;.;.;.;.;.;80;20;.;.;.;.;.;.;.;.;.;.;.;.;.;.;.;.;.;.;.;.;.;.;.;.;.;.;.;.;.;.;.;.;.;.;.;.;.;.;.;.;.;.;5440;4630;810;1,0;1183;425;.;.;.;.;.;494;460;35;3194;6;2;1661
BU05991699;05991699;Hoogvliet Zuid;Rotterdam;Buurt;BU05991699;3;21980;10500;11480;3290;2380;5050;6185;5075;9590;8690;2100;1605;2130;4825;240;1135;1450;405;1585;.;.;.;.;10375;4030;2980;3375;2,1;4608;10464;.;56;44;.;.;.;.;.;.;.;81;19;.;.;.;.;.;.;.;.;.;.;.;.;.;.;.;.;.;.;.;.;.;.;.;.;.;.;.;.;.;.;.;.;.;.;.;.;.;.;.;.;.;.;8815;7945;870;0,8;1847;560;.;.;.;.;.;541;477;64;3192;5;2;2250
WK059917;059917;Hoek van Holland;Rotterdam;Wijk;WK059917;1;10285;5095;5185;1545;1040;2275;3035;2395;4340;4375;930;645;915;585;55;95;110;60;255;.;.;.;.;4770;1685;1515;1575;2,1;721;5651;.;74;26;.;.;.;.;.;.;.;85;15;.;.;.;.;.;.;.;.;.;.;.;.;.;.;.;.;.;.;.;.;.;.;.;.;.;.;.;.;.;.;.;.;.;.;.;.;.;.;.;.;.;.;4945;4430;510;1,0;346;385;.;.;.;.;.;1863;1428;436;.;.;3;1014
BU05991701;05991701;Strand en Duin;Rotterdam;Buurt;BU05991701;1;2360;1210;1150;490;230;665;620;355;1120;1055;115;75;170;85;5;10;20;5;45;.;.;.;.;895;160;325;415;2,6;583;1756;.;93;7;.;.;.;.;.;.;.;67;33;.;.;.;.;.;.;.;.;.;.;.;.;.;.;.;.;.;.;.;.;.;.;.;.;.;.;.;.;.;.;.;.;.;.;.;.;.;.;.;.;.;.;1265;1105;160;1,4;312;110;.;.;.;.;.;588;405;182;3151;1;4;676
BU05991702;05991702;Dorp;Rotterdam;Buurt;BU05991702;1;7860;3850;4010;1040;805;1590;2400;2030;3190;3295;810;570;740;495;50;85;90;55;210;.;.;.;.;3845;1515;1185;1150;2,0;2433;3864;.;65;35;.;.;.;.;.;.;.;93;7;.;.;.;.;.;.;.;.;.;.;.;.;.;.;.;.;.;.;.;.;.;.;.;.;.;.;.;.;.;.;.;.;.;.;.;.;.;.;.;.;.;.;3615;3285;330;0,9;1118;270;.;.;.;.;.;380;323;57;3151;1;3;1191
BU05991703;05991703;Rijnpoort;Rotterdam;Buurt;BU05991703;1;60;35;25;15;5;15;15;15;30;25;10;5;5;0;0;0;0;0;0;.;.;.;.;25;15;10;10;2,3;9;31;.;84;16;.;.;.;.;.;.;.;90;10;.;.;.;.;.;.;.;.;.;.;.;.;.;.;.;.;.;.;.;.;.;.;.;.;.;.;.;.;.;.;.;.;.;.;.;.;.;.;.;.;.;.;65;45;20;.;.;5;.;.;.;.;.;896;699;197;3151;1;5;62
WK059918;059918;Spaanse Polder;Rotterdam;Wijk;WK059918;1;105;55;50;10;5;35;35;20;50;40;15;5;15;10;0;0;5;0;5;.;.;.;.;55;30;15;15;1,9;59;32;.;50;50;.;.;.;.;.;.;.;100;0;.;.;.;.;.;.;.;.;.;.;.;.;.;.;.;.;.;.;.;.;.;.;.;.;.;.;.;.;.;.;.;.;.;.;.;.;.;.;.;.;.;.;1365;630;735;.;.;50;.;.;.;.;.;204;184;20;.;.;3;1478
BU05991853;05991853;Spaanse Polder;Rotterdam;Buurt;BU05991853;1;105;55;50;10;5;35;35;20;50;40;15;5;15;10;0;0;5;0;5;.;.;.;.;55;30;15;15;1,9;59;32;.;50;50;.;.;.;.;.;.;.;100;0;.;.;.;.;.;.;.;.;.;.;.;.;.;.;.;.;.;.;.;.;.;.;.;.;.;.;.;.;.;.;.;.;.;.;.;.;.;.;.;.;.;.;1365;630;735;.;.;50;.;.;.;.;.;204;184;20;3044;1;3;1478
WK059919;059919;Nieuw Mathenesse;Rotterdam;Wijk;WK059919;1;15;15;0;0;0;5;5;5;5;0;10;0;0;5;0;0;0;5;0;.;.;.;.;15;20;0;0;1,0;13;7;.;.;.;.;.;.;.;.;.;.;.;.;.;.;.;.;.;.;.;.;.;.;.;.;.;.;.;.;.;.;.;.;.;.;.;.;.;.;.;.;.;.;.;.;.;.;.;.;.;.;.;.;.;.;185;85;100;.;.;0;.;.;.;.;.;207;123;84;.;.;1;2919
BU05991926;05991926;Nieuw Mathenesse;Rotterdam;Buurt;BU05991926;1;15;15;0;0;0;5;5;5;5;0;10;0;0;5;0;0;0;5;0;.;.;.;.;15;20;0;0;1,0;13;7;.;.;.;.;.;.;.;.;.;.;.;.;.;.;.;.;.;.;.;.;.;.;.;.;.;.;.;.;.;.;.;.;.;.;.;.;.;.;.;.;.;.;.;.;.;.;.;.;.;.;.;.;.;.;185;85;100;.;.;0;.;.;.;.;.;207;123;84;3029;1;1;2919
WK059921;059921;Waalhaven-Eemhaven;Rotterdam;Wijk;WK059921;1;35;20;15;5;5;15;15;5;25;15;0;0;5;0;0;0;0;0;0;.;.;.;.;25;20;5;5;1,5;4;38;.;32;68;.;.;.;.;.;.;.;100;0;.;.;.;.;.;.;.;.;.;.;.;.;.;.;.;.;.;.;.;.;.;.;.;.;.;.;.;.;.;.;.;.;.;.;.;.;.;.;.;.;.;.;805;350;455;.;.;10;.;.;.;.;.;1501;903;598;.;.;4;624
BU05992194;05992194;Waalhaven;Rotterdam;Buurt;BU05992194;1;5;0;0;0;0;0;5;0;5;5;0;0;0;0;0;0;0;0;0;.;.;.;.;0;5;0;5;2,0;.;16;.;.;.;.;.;.;.;.;.;.;.;.;.;.;.;.;.;.;.;.;.;.;.;.;.;.;.;.;.;.;.;.;.;.;.;.;.;.;.;.;.;.;.;.;.;.;.;.;.;.;.;.;.;.;230;90;140;.;.;5;.;.;.;.;.;628;267;361;3087;4;3;1091
BU05992196;05992196;Eemhaven;Rotterdam;Buurt;BU05992196;1;15;5;10;0;0;5;5;5;10;10;0;0;0;0;0;0;0;0;0;.;.;.;.;10;5;5;5;1,7;4;8;.;.;.;.;.;.;.;.;.;.;.;.;.;.;.;.;.;.;.;.;.;.;.;.;.;.;.;.;.;.;.;.;.;.;.;.;.;.;.;.;.;.;.;.;.;.;.;.;.;.;.;.;.;.;135;70;70;.;.;5;.;.;.;.;.;681;445;236;3089;3;5;344
BU05992198;05992198;Waalhaven Zuid;Rotterdam;Buurt;BU05992198;1;10;10;0;0;5;5;5;0;10;5;0;0;0;0;0;0;0;0;0;.;.;.;.;10;15;5;0;1,1;7;14;.;.;.;.;.;.;.;.;.;.;.;.;.;.;.;.;.;.;.;.;.;.;.;.;.;.;.;.;.;.;.;.;.;.;.;.;.;.;.;.;.;.;.;.;.;.;.;.;.;.;.;.;.;.;435;190;245;.;.;0;.;.;.;.;.;191;191;1;3088;1;5;353
WK059922;059922;Vondelingenplaat;Rotterdam;Wijk;WK059922;1;0;0;0;0;0;0;0;0;0;0;0;0;0;0;0;0;0;0;0;.;.;.;.;0;0;0;0;.;.;2;.;.;.;.;.;.;.;.;.;.;.;.;.;.;.;.;.;.;.;.;.;.;.;.;.;.;.;.;.;.;.;.;.;.;.;.;.;.;.;.;.;.;.;.;.;.;.;.;.;.;.;.;.;.;35;10;25;.;.;0;.;.;.;.;.;951;722;229;.;.;5;215
BU05992295;05992295;Vondelingenplaat;Rotterdam;Buurt;BU05992295;1;0;0;0;0;0;0;0;0;0;0;0;0;0;0;0;0;0;0;0;.;.;.;.;0;0;0;0;.;.;2;.;.;.;.;.;.;.;.;.;.;.;.;.;.;.;.;.;.;.;.;.;.;.;.;.;.;.;.;.;.;.;.;.;.;.;.;.;.;.;.;.;.;.;.;.;.;.;.;.;.;.;.;.;.;35;10;25;.;.;0;.;.;.;.;.;951;722;229;3196;2;5;215
WK059923;059923;Botlek-Europoort-Maasvlakte;Rotterdam;Wijk;WK059923;1;0;0;0;0;0;0;0;0;0;5;0;0;0;0;0;0;0;0;0;.;.;.;.;0;0;5;0;2,0;.;5;.;.;.;.;.;.;.;.;.;.;.;.;.;.;.;.;.;.;.;.;.;.;.;.;.;.;.;.;.;.;.;.;.;.;.;.;.;.;.;.;.;.;.;.;.;.;.;.;.;.;.;.;.;.;305;120;185;.;.;5;.;.;.;.;.;11560;6736;4823;.;.;5;57
BU05992306;05992306;Botlek;Rotterdam;Buurt;BU05992306;1;0;0;0;0;0;0;0;0;0;0;0;0;0;0;0;0;0;0;0;.;.;.;.;0;0;0;0;.;.;3;.;.;.;.;.;.;.;.;.;.;.;.;.;.;.;.;.;.;.;.;.;.;.;.;.;.;.;.;.;.;.;.;.;.;.;.;.;.;.;.;.;.;.;.;.;.;.;.;.;.;.;.;.;.;165;70;95;.;.;5;.;.;.;.;.;2473;1632;841;3197;1;5;112
BU05992307;05992307;Europoort;Rotterdam;Buurt;BU05992307;1;0;0;0;0;0;0;0;0;0;5;0;0;0;0;0;0;0;0;0;.;.;.;.;0;0;5;0;2,0;.;2;.;.;.;.;.;.;.;.;.;.;.;.;.;.;.;.;.;.;.;.;.;.;.;.;.;.;.;.;.;.;.;.;.;.;.;.;.;.;.;.;.;.;.;.;.;.;.;.;.;.;.;.;.;.;85;45;40;.;.;0;.;.;.;.;.;3404;1833;1571;3198;1;5;19
BU05992308;05992308;Maasvlakte;Rotterdam;Buurt;BU05992308;1;0;0;0;0;0;0;0;0;0;0;0;0;0;0;0;0;0;0;0;.;.;.;.;0;0;0;0;.;.;0;.;.;.;.;.;.;.;.;.;.;.;.;.;.;.;.;.;.;.;.;.;.;.;.;.;.;.;.;.;.;.;.;.;.;.;.;.;.;.;.;.;.;.;.;.;.;.;.;.;.;.;.;.;.;55;5;50;.;.;0;.;.;.;.;.;5683;3271;2411;3199;1;5;7
WK059924;059924;Rotterdam-Noord-West;Rotterdam;Wijk;WK059924;1;10;5;0;0;0;5;0;0;10;0;0;0;0;0;0;0;0;0;0;.;.;.;.;5;10;5;0;1,3;9;1;.;.;.;.;.;.;.;.;.;.;.;.;.;.;.;.;.;.;.;.;.;.;.;.;.;.;.;.;.;.;.;.;.;.;.;.;.;.;.;.;.;.;.;.;.;.;.;.;.;.;.;.;.;.;670;250;420;.;.;10;.;.;.;.;.;116;111;6;.;.;4;524
BU05992459;05992459;Bedrijvenpark Noord-West;Rotterdam;Buurt;BU05992459;1;10;5;0;0;0;5;0;0;10;0;0;0;0;0;0;0;0;0;0;.;.;.;.;5;10;5;0;1,3;9;1;.;.;.;.;.;.;.;.;.;.;.;.;.;.;.;.;.;.;.;.;.;.;.;.;.;.;.;.;.;.;.;.;.;.;.;.;.;.;.;.;.;.;.;.;.;.;.;.;.;.;.;.;.;.;670;250;420;.;.;10;.;.;.;.;.;116;111;6;3047;1;4;524
WK059925;059925;Rivium;Rotterdam;Wijk;WK059925;1;0;0;0;0;0;0;0;0;0;0;0;0;0;0;0;0;0;0;0;.;.;.;.;0;0;0;0;.;.;0;.;.;.;.;.;.;.;.;.;.;.;.;.;.;.;.;.;.;.;.;.;.;.;.;.;.;.;.;.;.;.;.;.;.;.;.;.;.;.;.;.;.;.;.;.;.;.;.;.;.;.;.;.;.;25;10;15;.;.;0;.;.;.;.;.;12;10;2;.;.;3;1051
BU05992540;05992540;Rivium;Rotterdam;Buurt;BU05992540;1;0;0;0;0;0;0;0;0;0;0;0;0;0;0;0;0;0;0;0;.;.;.;.;0;0;0;0;.;.;0;.;.;.;.;.;.;.;.;.;.;.;.;.;.;.;.;.;.;.;.;.;.;.;.;.;.;.;.;.;.;.;.;.;.;.;.;.;.;.;.;.;.;.;.;.;.;.;.;.;.;.;.;.;.;25;10;15;.;.;0;.;.;.;.;.;12;10;2;3065;1;3;1051
WK059926;059926;Bedrijventerrein Schieveen;Rotterdam;Wijk;WK059926;1;0;0;0;0;0;0;0;0;0;0;0;0;0;0;0;0;0;0;0;.;.;.;.;0;0;0;0;.;.;0;.;.;.;.;.;.;.;.;.;.;.;.;.;.;.;.;.;.;.;.;.;.;.;.;.;.;.;.;.;.;.;.;.;.;.;.;.;.;.;.;.;.;.;.;.;.;.;.;.;.;.;.;.;.;0;0;0;.;.;0;.;.;.;.;.;152;152;0;.;.;5;34
BU05992650;05992650;Bedrijventerrein Schieveen;Rotterdam;Buurt;BU05992650;1;0;0;0;0;0;0;0;0;0;0;0;0;0;0;0;0;0;0;0;.;.;.;.;0;0;0;0;.;.;0;.;.;.;.;.;.;.;.;.;.;.;.;.;.;.;.;.;.;.;.;.;.;.;.;.;.;.;.;.;.;.;.;.;.;.;.;.;.;.;.;.;.;.;.;.;.;.;.;.;.;.;.;.;.;0;0;0;.;.;0;.;.;.;.;.;152;152;0;3046;1;5;34
WK059927;059927;Rozenburg;Rotterdam;Wijk;WK059927;1;12420;6130;6285;1940;1395;2815;3555;2720;5225;5360;1130;705;1340;1350;75;260;195;275;545;.;.;.;.;5690;1935;1800;1965;2,2;2749;5788;.;66;34;.;.;.;.;.;.;.;93;7;.;.;.;.;.;.;.;.;.;.;.;.;.;.;.;.;.;.;.;.;.;.;.;.;.;.;.;.;.;.;.;.;.;.;.;.;.;.;.;.;.;.;5845;5250;595;1,0;1294;495;.;.;.;.;.;650;452;198;.;.;3;1203
BU05992704;05992704;Rozenburg;Rotterdam;Buurt;BU05992704;1;12420;6130;6285;1940;1395;2815;3555;2720;5225;5360;1130;705;1340;1350;75;260;195;275;545;.;.;.;.;5690;1935;1800;1965;2,2;3831;5788;.;66;34;.;.;.;.;.;.;.;93;7;.;.;.;.;.;.;.;.;.;.;.;.;.;.;.;.;.;.;.;.;.;.;.;.;.;.;.;.;.;.;.;.;.;.;.;.;.;.;.;.;.;.;5845;5250;595;1,0;1802;495;.;.;.;.;.;411;324;87;3181;1;3;1204
BU05992705;05992705;Noordzeeweg;Rotterdam;Buurt;BU05992705;1;0;0;0;0;0;0;0;0;0;0;0;0;0;0;0;0;0;0;0;.;.;.;.;0;0;0;0;.;.;0;.;.;.;.;.;.;.;.;.;.;.;.;.;.;.;.;.;.;.;.;.;.;.;.;.;.;.;.;.;.;.;.;.;.;.;.;.;.;.;.;.;.;.;.;.;.;.;.;.;.;.;.;.;.;0;0;0;.;.;0;.;.;.;.;.;239;128;111;3181;1;5;90
